chr	start	end	bg_mean	bm_mean	mean_intensity	log2_fold_change	coefficient_of_variation	gene	fold_change
chr1	104766529	104769029	1.0056009155312526	79.13270554720266	40.06915323136696	5.320284722740075	0.9749033649469776	Cdh20	39.95446199024931
chr3	145648312	145650812	0.9251528422887524	74.73644412791363	37.83079848510119	5.297942793076074	0.9755449824128586	Gm17501	39.34048376017408
chr6	87728869	87731369	0.8849288056675024	70.34018270862458	35.61255575714604	5.242132972074714	0.9751512131928378	Efcc1	37.847680238172806
chr13	55725368	55727868	0.1206721098637503	4.396261419289036	2.258466764576393	5.075531935297838	0.9465690123244368	Pcbd2	33.71998373549928
chrX	109012904	109015404	2.815682563487508	105.51027406293689	54.1629783132122	4.802907635611635	0.9480146282354516	Hmgn5	27.91381942568808
chr17	26508019	26510519	5.188900724141264	162.66167251369436	83.92528661891781	4.7248895103464505	0.9381723800634406	Dusp1	26.44438484451584
chr8	70872990	70875490	2.131873940926256	79.13270554720266	40.63228974406446	4.677293137803087	0.9475325177499336	Ccdc124	25.5861848397076
chr11	32203415	32205915	2.654786417002508	83.5289669664917	43.0918766917471	4.531586815032863	0.93839241590722	Snrnp25	23.128291867686915
chr2	152413587	152416087	0.8447047690462522	39.56635277360133	20.20552877132379	4.45882175150494	0.9581943744899624	6820408C15Rik	21.99070195637588
chr13	51844678	51847178	7.260438610135645	180.2467181908505	93.75357840049308	4.455592675020252	0.922558277411868	Gadd45g	21.94153685355872
chr18	60772510	60775010	4.404532010026887	101.11401264364784	52.75927232683736	4.239867346761488	0.9165164374758368	Rps14	18.89414522001135
chr6	91210455	91212955	1.086048988773753	32.971960644667774	17.029004816720764	4.025499540148505	0.9362235785083952	Fbln2	16.28531296603806
chr3	94785992	94788492	0.8044807324250022	26.37756851573421	13.591024624079608	3.923338678327964	0.9408079409259784	Cgn	15.171992708917482
chr12	4841095	4843595	2.2927700874112564	46.16074490253489	24.22675749497307	3.840212819213843	0.9053620738191236	Fkbp1b	14.322513765184318
chr17	45684322	45686822	3.1776988930787584	54.95326774111296	29.065483317095858	3.743441969593946	0.8906710458446192	Mrpl14	13.39332229850537
chrX	36326353	36328853	2.614562380381257	37.368222063956814	19.99139222216904	3.4080190198258	0.8692155928249012	Lonrf3	10.614901065813068
chr4	111413006	111415506	1.2067210986375032	21.98130709644518	11.594014097541342	3.3804846477455923	0.8959186103721054	Bend5	10.414232732280729
chr13	34129854	34132354	8.849288056675023	96.7177512243588	52.783519640516914	3.3105293132251634	0.8323475183742339	Tubb2b	9.921300977498964
chr18	9210856	9213356	4.102851735367511	43.96261419289036	24.032732964128936	3.1393502888417983	0.8292806839117551	Fzd8	8.811271917084639
chr2	180497976	180500476	2.192209995858131	26.37756851573421	14.284889255796172	3.100366856369824	0.8465364374477996	Ntsr1	8.57636826877192
chr7	25297486	25299986	3.0972508198362583	32.971960644667774	18.03460573225201	3.0516163662218188	0.8282606858270641	Pafah1b3	8.291403709091313
chr9	121838961	121841461	0.7441446774931271	13.188784257867107	6.966464467680117	3.024159357476779	0.8931818742569525	Ccdc13	8.13509592464586
chr13	54787377	54789877	4.6659882480650126	43.96261419289036	24.314301220477688	2.988326403910596	0.8080969629456066	Tspan17	7.935529024128407
chr6	89641988	89644488	2.855906600108758	28.57569922537873	15.715802912743746	2.939270265652657	0.8182780341567569	Txnrd3	7.670232267696665
chr4	72199348	72201848	18.38238473591129	147.2747575461827	82.82857114104701	2.935455022172304	0.7780671031423646	C630043F03Rik	7.649974942013311
chr10	127288774	127291274	14.15886089068004	101.11401264364784	57.63643676716394	2.751947602621213	0.7543418419865524	Ddit3	6.736258969592465
chr17	33522204	33524704	1.2469451352587533	13.188784257867107	7.21786469656293	2.6587141767130293	0.8272418246004895	Adamts10	6.31469991644151
chrX	136031367	136033867	0.3620163295912509	2.198130709644518	1.2800735196178843	2.56938771986969	0.7171909862651353	Arxes1	5.935574688537674
chr18	37969274	37971774	3.0972508198362583	21.98130709644518	12.53927895814072	2.487732738225728	0.7529960988845001	Fchsd1	5.608957837090286
chr10	80854709	80857209	3.41904311280626	21.98130709644518	12.70017510462572	2.3786549443584284	0.7307877187015351	Lsm7	5.200516607282245
chr8	57487360	57489860	6.817974207301893	39.56635277360133	23.192163490451613	2.3754168689450403	0.7060225015182863	Sap30	5.188857330293166
chr3	89394276	89396776	2.172097977547506	15.386914967511627	8.779506472529567	2.369035037625941	0.752594524038015	Zbtb7b	5.165954861262232
chr15	79345541	79348041	5.390020907247514	30.77382993502325	18.08192542113538	2.313946442662653	0.7019111194349198	Maff	4.9724140806778285
chr10	128192457	128194957	2.192209995858131	13.188784257867107	7.690497126862619	2.152123513967704	0.7149456062858638	Gls2	4.444815433908468
chr15	99723618	99726118	11.906314839890031	52.75513703146844	32.33072593567924	2.058325505853236	0.6317337611417325	Cox14	4.165026012330449
chr17	25715171	25717671	4.605652193133137	21.98130709644518	13.29347964478916	2.0355067165992367	0.653540508866053	Gng13	4.099666961963325
chr10	110918177	110920677	2.514002288828132	13.188784257867107	7.85139327334762	2.01356394364254	0.6798017624002892	Csrp2	4.03778458055554
chr2	155234533	155237033	2.7151224719343823	13.188784257867107	7.951953364900745	1.933269303556895	0.6585590549463349	Dynlrb1	3.819196908057602
chr9	106427454	106429954	1.6089614648500044	8.792522838578073	5.200742151714039	1.908204952629953	0.690628487643878	Rpl29	3.753417967459733
chr5	34658379	34660879	12.067210986375033	43.96261419289036	28.014912589632697	1.7827746675320555	0.5692575892297923	Grk4	3.44087305544941
chr8	72132975	72135475	1.9508657761306305	8.792522838578073	5.371694307354352	1.7305422884504211	0.636824870421291	Tpm4	3.3185253351030672
chr10	81266434	81268934	3.70061136915501	13.188784257867107	8.444697813511059	1.5938306664258344	0.5617828546529832	Mrpl54	3.0184976258562104
chr8	84249219	84251719	1.5888494465393792	4.396261419289036	2.992555432914208	1.462520995481048	0.4690659932096472	D8Ertd738e	2.7558951399871603
chr7	45123939	45126439	5.993381456566266	13.188784257867107	9.591082857216689	1.020688875015145	0.3751089896948785	Rps11	2.028887505420556
chr7	19147722	19150222	5.028004577656263	0.0	2.514002288828132	-2.591680512516275	1.0	Snrpd2	0.1658923756804458
chr7	126693401	126695901	5.128564669209389	0.0	2.5642823346046946	-2.6155492293675326	1.0	Bola2	0.1631703431350107
chr6	82773954	82776454	5.309572834005015	0.0	2.654786417002508	-2.657542336250096	1.0	Hk2	0.1584893345886377
chr7	19506395	19508895	5.309572834005015	0.0	2.654786417002508	-2.657542336250096	1.0	Trappc6a	0.1584893345886377
chr7	127260209	127262709	6.395621822778767	0.0	3.197810911389384	-2.8866714540077965	1.0	Dctpp1	0.1352151345705598
chr1	91413538	91416038	8.94984814822815	0.0	4.474924074114075	-3.3146745078201127	1.0	Hes6	0.1005040464037713
chr11	101440298	101442798	9.693992825721276	0.0	4.846996412860638	-3.4187287088760665	1.0	Rpl27	0.0935104423854476
chr8	57509907	57512407	9.774440898963777	0.0	4.887220449481888	-3.429541102649988	1.0	Hmgb2	0.0928122405030013
chrX	106185100	106187600	9.774440898963777	0.0	4.887220449481888	-3.429541102649988	1.0	Pgk1	0.0928122405030013
chr3	18052174	18054674	0.2614562380381257	0.0	0.1307281190190628	-4.7626477321281575	1.0	Bhlhe22	0.0368383503443214
chr5	28466756	28469256	0.2815682563487507	0.0	0.1407841281743753	-4.865761753848775	1.0	Shh	0.034297286423522
chr5	121545405	121547905	0.3217922929700009	0.0	0.1608961464850004	-5.052208469960234	1.0	Mapkapk5	0.0301393378082599
chr7	142530686	142533186	0.3217922929700009	0.0	0.1608961464850004	-5.052208469960234	1.0	Mrpl23	0.0301393378082599
chr16	33054453	33056953	0.4022403662125011	0.0	0.2011201831062505	-5.365413874105352	1.0	Rpl35a	0.0242576924037691
chr5	122987354	122989854	0.5229124760762515	0.0	0.2614562380381257	-5.735826703482863	1.0	A930024E05Rik	0.0187648074476101
chr9	53769535	53772035	0.7642566958037521	0.0	0.382128347901876	-6.274740049327304	1.0	Slc35f2	0.0129156131993395
chr16	23890344	23892844	0.8044807324250022	0.0	0.4022403662125011	-6.347808665260395	1.0	Sst	0.012277761280155
chr14	24488681	24491181	0.8044807324250022	0.0	0.4022403662125011	-6.347808665260395	1.0	Rps24	0.012277761280155
chr4	119193306	119195806	1.0056009155312526	0.0	0.5028004577656263	-6.666189790416108	1.0	Svbp	0.0098463873427773
chr10	78778496	78780996	1.126273025395003	0.0	0.5631365126975015	-6.828165719209828	1.0	Slc1a6	0.0088007017472967
chr7	138909019	138911519	1.1664970620162531	0.0	0.5832485310081266	-6.87835390760011	1.0	Bnip3	0.0084998087312366
chr11	94473698	94476198	1.1866090803268785	0.0	0.5933045401634393	-6.902808105642936	1.0	Cacna1g	0.0083569481164795
chr11	31369574	31372074	1.2469451352587533	0.0	0.6234725676293766	-6.973777868317888	1.0	Stc2	0.0079557967324814
chr7	31050967	31053467	1.2469451352587533	0.0	0.6234725676293766	-6.973777868317888	1.0	Fxyd7	0.0079557967324814
chr1	134403559	134406059	1.3072811901906285	0.0	0.6536405950953142	-7.041419529592865	1.0	Cyb5r1	0.0075913936025708
chr10	128891218	128893718	1.3877292634331289	0.0	0.6938646317165644	-7.126941131226172	1.0	Gdf11	0.0071544613550107
chr4	117017402	117019902	1.427953300054379	0.0	0.7139766500271895	-7.16787301237114	1.0	Eif2b3	0.0069543287668812
chr4	119320046	119322546	1.488289354986254	0.0	0.744144677493127	-7.227172458892695	1.0	Ppih	0.0066742782138312
chr7	119184103	119186603	1.488289354986254	0.0	0.744144677493127	-7.227172458892695	1.0	Gpr139	0.0066742782138312
chr1	87156021	87158521	1.508401373296879	0.0	0.7542006866484395	-7.24640939207232	1.0	Ecel1	0.0065858739170441
chr1	39365842	39368342	1.5687374282287545	0.0	0.7843687141143773	-7.302627435392147	1.0	Rpl31	0.0063341755387527
chr15	103537492	103539992	1.5687374282287545	0.0	0.7843687141143773	-7.302627435392147	1.0	Ppp1r1a	0.0063341755387527
chr11	98329148	98331648	1.6894095380925045	0.0	0.8447047690462522	-7.408889757056571	1.0	Neurod2	0.0058843967718484
chr17	23676949	23679449	1.7698576113350049	0.0	0.8849288056675024	-7.4756180199340445	1.0	Tnfrsf12a	0.0056184269664691
chr11	78174711	78177211	1.890529721198755	0.0	0.9452648605993776	-7.570257776558805	1.0	Tlcd1	0.0052616909319852
chr4	155774198	155776698	1.890529721198755	0.0	0.9452648605993776	-7.570257776558805	1.0	Vwa1	0.0052616909319852
chr14	122983535	122986035	2.0112018310625053	0.0	1.0056009155312526	-7.659069581821062	1.0	Tmtc4	0.0049475514252543
chr11	116012219	116014719	2.0112018310625053	0.0	1.0056009155312526	-7.659069581821062	1.0	Galk1	0.0049475514252543
chr17	24893116	24895616	2.091649904305006	0.0	1.045824952152503	-7.715378552990498	1.0	Mrps34	0.0047581664194003
chr2	148407688	148410188	2.131873940926256	0.0	1.065936970463128	-7.742729763162505	1.0	Thbd	0.0046688088448732
chr2	148393344	148395844	2.131873940926256	0.0	1.065936970463128	-7.742729763162505	1.0	Sstr4	0.0046688088448732
chr10	29535367	29537867	2.151985959236881	0.0	1.0759929796184404	-7.756213343464726	1.0	Rspo3	0.0046253769397881
chr6	41603482	41605982	2.151985959236881	0.0	1.0759929796184404	-7.756213343464726	1.0	Ephb6	0.0046253769397881
chr11	51617735	51620235	2.172097977547506	0.0	1.086048988773753	-7.769572070789346	1.0	Nhp2	0.0045827456433643
chr10	128673418	128675918	2.252546050790006	0.0	1.126273025395003	-7.821803346200512	1.0	Suox	0.0044197995424262
chr5	140319656	140322156	2.272658069100632	0.0	1.136329034550316	-7.834570956933439	1.0	Nudt1	0.0043808576218075
chr3	102467919	102470419	2.312882105721881	0.0	1.1564410528609406	-7.859772124030558	1.0	Ngf	0.0043049967862627
chr17	24533710	24536210	2.3531061423431314	0.0	1.1765530711715655	-7.884540621284098	1.0	Rab26	0.0042317185084562
chr18	33792892	33795392	2.373218160653757	0.0	1.1866090803268785	-7.896767212174574	1.0	Epb41l4aos	0.004196006964489
chr12	11150342	11152842	2.3933301789643817	0.0	1.1966650894821909	-7.908891054984813	1.0	Kcns3	0.004160893117195
chr4	122993652	122996152	2.4536662338962567	0.0	1.2268331169481284	-7.944663009395831	1.0	Mycl	0.0040589913773283
chr12	30909668	30912168	2.4536662338962567	0.0	1.2268331169481284	-7.944663009395831	1.0	Sh3yl1	0.0040589913773283
chr6	72958248	72960748	2.473778252206882	0.0	1.236889126103441	-7.956392567551411	1.0	Tmsb10	0.0040261243092513
chr12	81594508	81597008	2.614562380381257	0.0	1.3072811901906285	-8.03593307758715	1.0	Med6	0.0038101590096507
chr7	99483238	99485738	2.7754585268662577	0.0	1.3877292634331289	-8.12177102541387	1.0	Rps3	0.0035900731974819
chr18	35962830	35965330	2.7955705451768824	0.0	1.3977852725884412	-8.132150379145642	1.0	Psd2	0.0035643373919758
chr7	16450779	16453279	2.876018618419383	0.0	1.4380093092096915	-8.172936796816126	1.0	Tmem160	0.0034649811114097
chr18	61013699	61016199	3.016802746593758	0.0	1.508401373296879	-8.241650849154372	1.0	Slc6a7	0.0033038162170473
chr2	25271938	25274438	3.016802746593758	0.0	1.508401373296879	-8.241650849154372	1.0	Ssna1	0.0033038162170473
chr13	73328042	73330542	3.0570267832150084	0.0	1.5285133916075042	-8.260696954958972	1.0	Ndufs6	0.0032604866885177
chr7	129255031	129257531	3.238034948010634	0.0	1.619017474005317	-8.343423345404458	1.0	Plpp4	0.0030787846067126
chr15	99053174	99055674	3.338595039563759	0.0	1.6692975197818796	-8.387412104864225	1.0	Prph	0.0029863270660828
chr3	8923418	8925918	3.3587070578743843	0.0	1.679353528937192	-8.396051167202307	1.0	Mrps28	0.0029684979513504
chrX	99134130	99136630	3.62016329591251	0.0	1.810081647956255	-8.503890636316521	1.0	Efnb1	0.0027546970163187
chr7	45713457	45715957	3.640275314223135	0.0	1.8201376571115675	-8.511861470064709	1.0	Rpl18	0.0027395193894102
chr7	109174707	109177207	3.66038733253376	0.0	1.83019366626688	-8.51978850713194	1.0	Lmo1	0.0027245080951978
chr4	135961727	135964227	3.70061136915501	0.0	1.850305684577505	-8.535513098071558	1.0	Gale	0.0026949736863112
chr9	107549555	107552055	3.74083540577626	0.0	1.87041770288813	-8.551068145794536	1.0	Rassf1	0.0026660727326504
chr6	85185438	85187938	3.82128347901876	0.0	1.91064173950938	-8.581683965378355	1.0	Emx1	0.0026100913844571
chr7	100535071	100537571	3.8816195339506354	0.0	1.9408097669753177	-8.604226861015709	1.0	Coa4	0.0025696242689604
chr8	27258329	27260829	3.901731552261261	0.0	1.9508657761306305	-8.611663556611346	1.0	Eif4ebp1	0.0025564126439656
chr18	31787159	31789659	4.002291643814386	0.0	2.001145821907193	-8.648282665563448	1.0	Polr2d	0.0024923412572504
chr15	66969140	66971640	4.122963753678136	0.0	2.061481876839068	-8.691032901026954	1.0	Ndrg1	0.0024195711832944
chr9	20640878	20643378	4.384419991716262	0.0	2.192209995858131	-8.7795289500708	1.0	Ubl5	0.0022756131682566
chr15	85581321	85583821	4.424644028337512	0.0	2.212322014168756	-8.792674492911335	1.0	Wnt7b	0.0022549724253174
chr7	19309551	19312051	4.464868064958762	0.0	2.232434032479381	-8.80570133699281	1.0	Fosb	0.0022347027565587
chr16	36071015	36073515	4.545316138201263	0.0	2.272658069100632	-8.831407370078342	1.0	Fam162a	0.0021952373219806
chr5	30907288	30909788	4.545316138201263	0.0	2.272658069100632	-8.831407370078342	1.0	Ost4	0.0021952373219806
chr2	119349229	119351729	4.625764211443762	0.0	2.312882105721881	-8.856663378286564	1.0	Chac1	0.0021571416370388
chr5	135743948	135746448	4.826884394550013	0.0	2.4134421972750064	-8.917934246391969	1.0	Tmem120a	0.0020674465594562
